Loss,Prec@1,Prec@5
[8.86276],81.0732192993164,95.32117462158203
